{
  "experiment_config": {
    "matrix_size": [
      32,
      32
    ],
    "sigma": 1.0,
    "N_ref": 200000,
    "N_eggroll": 5000,
    "N_trials": 40,
    "r_values": [
      1,
      2,
      4,
      8,
      16,
      32,
      64,
      100
    ],
    "device": "cuda",
    "fitness_function": "MLP teacher-student: -mean ||tanh(X W) - tanh(X W*)||^2",
    "n_data": 32,
    "error_metric": "||mean_t g_eg^{r,t} - g_ref||_F  (trial-averaged to isolate bias)"
  },
  "sanity_check": {
    "ref_vs_autograd_error": 0.02195144258439541,
    "autograd_norm": 0.05181161314249039,
    "ref_norm": 0.031338855624198914,
    "sem_ref": 0.0022721155546605587,
    "passed": true
  },
  "results": {
    "r_values": [
      1,
      2,
      4,
      8,
      16,
      32,
      64,
      100
    ],
    "mean_errors": [
      0.007182449568063021,
      0.004894351586699486,
      0.0037130911368876696,
      0.0033462289720773697,
      0.003163387067615986,
      0.0032073191832751036,
      0.003137732157483697,
      0.003179586958140135
    ],
    "std_errors": [
      0.0019566963892430067,
      0.002086342079564929,
      0.002189077902585268,
      0.002233839360997081,
      0.002266563707962632,
      0.0022832611575722694,
      0.002285517519339919,
      0.002297608880326152
    ],
    "sem_ref": 0.0022721155546605587,
    "bias_only": [
      0.006526592674923232,
      0.0037999138263300133,
      0.001957670716314721,
      0.0010221061339702768,
      0.00032093332852765194,
      0.0003221147405414524,
      0.0003222747186010742,
      0.00032313334183714396
    ],
    "fit_mask": [
      true,
      true,
      true,
      true,
      false,
      false,
      false,
      false
    ],
    "err_to_truth": [
      0.028108341619372368,
      0.025463920086622238,
      0.023837769404053688,
      0.022934244945645332,
      0.02241717092692852,
      0.02220798470079899,
      0.021926894783973694,
      0.021895896643400192
    ],
    "clt_baseline": [
      0.007182449568063021,
      0.0050787587951077505,
      0.0035912247840315104,
      0.0025393793975538753,
      0.0017956123920157552,
      0.0012696896987769376,
      0.0008978061960078776,
      0.0007182449568063021
    ],
    "per_trial_errors": [
      [
        0.0145313935354352,
        0.014007436111569405,
        0.014045375399291515,
        0.014080984517931938,
        0.0149297546595335,
        0.014179487712681293,
        0.014072285033762455,
        0.0141910957172513,
        0.01396983303129673,
        0.014028300531208515,
        0.014082381501793861,
        0.014282814227044582,
        0.014362789690494537,
        0.0138385696336627,
        0.013818196952342987,
        0.014238194562494755,
        0.014461755752563477,
        0.014574817381799221,
        0.01484633143991232,
        0.014306697063148022,
        0.014338187873363495,
        0.014278387650847435,
        0.01335989311337471,
        0.0143033592030406,
        0.014761913567781448,
        0.01398204080760479,
        0.013925425708293915,
        0.013854188844561577,
        0.014652566984295845,
        0.01450816635042429,
        0.01364966668188572,
        0.013513041660189629,
        0.01406160369515419,
        0.013804429210722446,
        0.014356842264533043,
        0.014501417055726051,
        0.013897377997636795,
        0.013684889301657677,
        0.013891416601836681,
        0.014613532461225986
      ],
      [
        0.013627846725285053,
        0.014057647436857224,
        0.01453134324401617,
        0.013812131248414516,
        0.01388475764542818,
        0.013757252134382725,
        0.013550924137234688,
        0.013857538811862469,
        0.01407401543110609,
        0.013920683413743973,
        0.013318774290382862,
        0.013485931791365147,
        0.014083817601203918,
        0.013784073293209076,
        0.013513714075088501,
        0.01380068901926279,
        0.014275725930929184,
        0.014090603217482567,
        0.01423672866076231,
        0.013716630637645721,
        0.013476448133587837,
        0.013758987188339233,
        0.014253122732043266,
        0.013547757640480995,
        0.01408600527793169,
        0.013790229335427284,
        0.014143519103527069,
        0.014387656934559345,
        0.0141978207975626,
        0.013740377500653267,
        0.014078006148338318,
        0.01361971814185381,
        0.014037461020052433,
        0.013854664750397205,
        0.014104197733104229,
        0.014153609983623028,
        0.013557990081608295,
        0.01441915798932314,
        0.01397046446800232,
        0.014050422236323357
      ],
      [
        0.014030858874320984,
        0.014016940258443356,
        0.014012450352311134,
        0.013909896835684776,
        0.014393364079296589,
        0.014531046152114868,
        0.013999328948557377,
        0.014579229056835175,
        0.013905013911426067,
        0.014391288161277771,
        0.01426481269299984,
        0.014496006071567535,
        0.013724560849368572,
        0.014264964498579502,
        0.01448696106672287,
        0.014519980177283287,
        0.013850778341293335,
        0.01483562309294939,
        0.014057817868888378,
        0.013852965086698532,
        0.014084399677813053,
        0.014189936220645905,
        0.014178307726979256,
        0.01382530853152275,
        0.014122186228632927,
        0.01446087658405304,
        0.014449951238930225,
        0.01447882130742073,
        0.013935424387454987,
        0.01409795694053173,
        0.014019540511071682,
        0.014401836320757866,
        0.013655809685587883,
        0.014088600873947144,
        0.014148089103400707,
        0.014001110568642616,
        0.014395403675734997,
        0.0137039665132761,
        0.013974974863231182,
        0.014201630838215351
      ],
      [
        0.014294231310486794,
        0.014468023553490639,
        0.014200269244611263,
        0.013758903369307518,
        0.014570004306733608,
        0.014586354605853558,
        0.01426791027188301,
        0.014275290071964264,
        0.014475353062152863,
        0.014705204404890537,
        0.014273804612457752,
        0.014830460771918297,
        0.014521895907819271,
        0.014086677692830563,
        0.014633305370807648,
        0.014475353062152863,
        0.013872847892343998,
        0.015110280364751816,
        0.014237270690500736,
        0.01382139790803194,
        0.014347578398883343,
        0.014590051956474781,
        0.014476487413048744,
        0.01402678806334734,
        0.014006072655320168,
        0.014101560227572918,
        0.014876282773911953,
        0.014377509243786335,
        0.014449006877839565,
        0.013389728032052517,
        0.014507279731333256,
        0.014207250438630581,
        0.014127429574728012,
        0.014169823378324509,
        0.013825982809066772,
        0.014344916678965092,
        0.014415256679058075,
        0.01478527206927538,
        0.014098194427788258,
        0.015082028694450855
      ],
      [
        0.014222890138626099,
        0.014227941632270813,
        0.014162879437208176,
        0.014797773212194443,
        0.014954812824726105,
        0.01453221496194601,
        0.014163440093398094,
        0.014344500377774239,
        0.014259533025324345,
        0.014718073420226574,
        0.014518257230520248,
        0.014651336707174778,
        0.014695478603243828,
        0.01441209577023983,
        0.014590105973184109,
        0.014407945796847343,
        0.014565663412213326,
        0.014951992779970169,
        0.01435617171227932,
        0.014852006919682026,
        0.014668871648609638,
        0.014262975193560123,
        0.0147568853572011,
        0.014548182487487793,
        0.014537808485329151,
        0.014565549790859222,
        0.01507746521383524,
        0.014837897382676601,
        0.01443004235625267,
        0.014310435391962528,
