{
  "experiment_config": {
    "d_hidden": 32,
    "sigma": 0.3,
    "P": 25450,
    "N_ref_per_chunk": 200000,
    "M_ref": 10,
    "N_eggroll": 100000,
    "N_trials": 50,
    "r_values": [
      1,
      2,
      4,
      8,
      16,
      32,
      64,
      100
    ],
    "fitness_function": "MNIST MLP 784\u219232\u219210, -CrossEntropy on fixed batch (n=256)",
    "n_data": 256,
    "device": "cuda"
  },
  "sanity_check": {
    "autograd_norm": 0.9436208009719849,
    "ref_norm": 2.1303553581237793,
    "ref_vs_autograd_error": 1.757482647895813,
    "sem_ref": 0.3229790452653874,
    "passed": true
  },
  "results": {
    "r_values": [
      1,
      2,
      4,
      8,
      16,
      32,
      64
    ],
    "mean_errors": [
      0.6360241174697876,
      0.5093432068824768,
      0.4402405619621277,
      0.4093341529369354,
      0.39461493492126465,
      0.3904421329498291,
      0.3861430287361145
    ],
    "std_errors": [
      0.3598934067677339,
      0.3026382887772773,
      0.26198341279466864,
      0.23598632327079178,
      0.22090934802151976,
      0.21283352979771522,
      0.20854958585629543
    ],
    "sem_ref": 0.3229790452653874,
    "bias_only": [
      0.41314398227227683,
      0.25204187128877165,
      0.14443330688122835,
      0.08688751526652512,
      0.05103472483593713,
      0.05321169134425188,
      0.03844585718141469
    ],
    "fit_mask": [
      true,
      true,
      true,
      true,
      false,
      false,
      false
    ],
    "err_to_truth": [
      1.5098737478256226,
      1.586202621459961,
      1.6466904878616333,
      1.6885534524917603,
      1.7140740156173706,
      1.7292348146438599,
      1.7346543073654175
    ],
    "clt_baseline": [
      0.6360241174697876,
      0.4497369664610761,
      0.3180120587348938,
      0.22486848323053804,
      0.1590060293674469,
      0.11243424161526902,
      0.07950301468372345
    ]
  },
  "slope_fit": {
    "fitted_slope": -0.755153152141119,
    "r_squared": 0.9995135338208793,
    "fitted_slope_raw": -0.11016941704238221,
    "r_squared_raw": 0.7981715129469081,
    "expected_slope": -1.0,
    "intercept": -0.8749009619748781,
    "std_err": 0.011780182758733548,
    "n_points_fit": 4
  }
}