{
  "r_done": [
    1,
    2,
    4,
    8,
    16,
    32,
    64
  ],
  "err_to_ref": [
    0.6360241174697876,
    0.5093432068824768,
    0.4402405619621277,
    0.4093341529369354,
    0.39461493492126465,
    0.3904421329498291,
    0.3861430287361145
  ],
  "err_to_truth": [
    1.5098737478256226,
    1.586202621459961,
    1.6466904878616333,
    1.6885534524917603,
    1.7140740156173706,
    1.7292348146438599,
    1.7346543073654175
  ],
  "sem_eg": [
    0.3598934067677339,
    0.3026382887772773,
    0.26198341279466864,
    0.23598632327079178,
    0.22090934802151976,
    0.21283352979771522,
    0.20854958585629543
  ],
  "sem_ref": 0.3229790452653874,
  "g_truth_norm": 0.9436208009719849,
  "g_ref_norm": 2.1303553581237793,
  "ref_vs_truth": 1.757482647895813,
  "config": {
    "d_hidden": 32,
    "sigma": 0.3,
    "P": 25450,
    "N_ref_per_chunk": 200000,
    "M_ref": 10,
    "N_eggroll": 100000,
    "N_trials": 50,
    "r_values": [
      1,
      2,
      4,
      8,
      16,
      32,
      64,
      100
    ]
  }
}